<?xml version="1.0" encoding="UTF-8"?>
<root xmlns:xsd="http://www.w3.org/2001/XMLSchema" xmlns:od="urn:schemas-microsoft-com:officedata">
<xsd:schema>
<xsd:element name="dataroot">
<xsd:complexType>
<xsd:sequence>
<xsd:element ref="tblCategories" minOccurs="0" maxOccurs="unbounded"/>
</xsd:sequence>
<xsd:attribute name="generated" type="xsd:dateTime"/>
</xsd:complexType>
</xsd:element>
<xsd:element name="tblCategories">
<xsd:annotation>
<xsd:appinfo>
<od:index index-name="PrimaryKey" index-key="categoryID " primary="yes" unique="yes" clustered="no"/>
<od:index index-name="categoryID" index-key="categoryID " primary="no" unique="no" clustered="no"/>
</xsd:appinfo>
</xsd:annotation>
<xsd:complexType>
<xsd:sequence>
<xsd:element name="categoryID" minOccurs="1" od:jetType="autonumber" od:sqlSType="int" od:autoUnique="yes" od:nonNullable="yes" type="xsd:int"/>
<xsd:element name="category" minOccurs="0" od:jetType="text" od:sqlSType="nvarchar">
<xsd:simpleType>
<xsd:restriction base="xsd:string">
<xsd:maxLength value="50"/>
</xsd:restriction>
</xsd:simpleType>
</xsd:element>
</xsd:sequence>
</xsd:complexType>
</xsd:element>
</xsd:schema>
<dataroot xmlns:xsi="http://www.w3.org/2001/XMLSchema-instance" generated="2005-06-02T16:46:28">
<tblCategories>
<categoryID>1</categoryID>
<category>Fishing</category>
</tblCategories>
<tblCategories>
<categoryID>2</categoryID>
<category>Gardening</category>
</tblCategories>
<tblCategories>
<categoryID>3</categoryID>
<category>Cooking</category>
</tblCategories>
<tblCategories>
<categoryID>4</categoryID>
<category>Shopping</category>
</tblCategories>
<tblCategories>
<categoryID>5</categoryID>
<category>Bike riding</category>
</tblCategories>
</dataroot>
</root>
