<?xml version="1.0" encoding="UTF-8" standalone="yes"?>
<?mso-application progid="Word.Document"?>
<w:wordDocument xmlns:w="http://schemas.microsoft.com/office/word/2003/wordml" xmlns:v="urn:schemas-microsoft-com:vml" xmlns:w10="urn:schemas-microsoft-com:office:word" xmlns:sl="http://schemas.microsoft.com/schemaLibrary/2003/core" xmlns:aml="http://schemas.microsoft.com/aml/2001/core" xmlns:wx="http://schemas.microsoft.com/office/word/2003/auxHint" xmlns:o="urn:schemas-microsoft-com:office:office" xmlns:dt="uuid:C2F41010-65B3-11d1-A29F-00AA00C14882" w:macrosPresent="no" w:embeddedObjPresent="no" w:ocxPresent="no" xml:space="preserve">
	<o:DocumentProperties>
		<o:Title>June 30, 2008</o:Title>
		<o:Author>Sas Jacobs</o:Author>
		<o:LastAuthor>Sas Jacobs</o:LastAuthor>
		<o:Revision>2</o:Revision>
		<o:TotalTime>0</o:TotalTime>
		<o:Created>2005-05-31T06:52:00Z</o:Created>
		<o:LastSaved>2005-05-31T06:52:00Z</o:LastSaved>
		<o:Pages>1</o:Pages>
		<o:Words>42</o:Words>
		<o:Characters>226</o:Characters>
		<o:Company>Anything Is Possible</o:Company>
		<o:Lines>3</o:Lines>
		<o:Paragraphs>2</o:Paragraphs>
		<o:CharactersWithSpaces>266</o:CharactersWithSpaces>
		<o:Version>11.6359</o:Version>
	</o:DocumentProperties>
	<w:fonts>
		<w:defaultFonts w:ascii="Times New Roman" w:fareast="Times New Roman" w:h-ansi="Times New Roman" w:cs="Times New Roman"/>
		<w:font w:name="Verdana">
			<w:panose-1 w:val="020B0604030504040204"/>
			<w:charset w:val="00"/>
			<w:family w:val="Swiss"/>
			<w:pitch w:val="variable"/>
			<w:sig w:usb-0="20000287" w:usb-1="00000000" w:usb-2="00000000" w:usb-3="00000000" w:csb-0="0000019F" w:csb-1="00000000"/>
		</w:font>
	</w:fonts>
	<w:styles>
		<w:versionOfBuiltInStylenames w:val="4"/>
		<w:latentStyles w:defLockedState="off" w:latentStyleCount="156"/>
		<w:style w:type="paragraph" w:default="on" w:styleId="Normal">
			<w:name w:val="Normal"/>
			<w:rsid w:val="00DE1FC4"/>
			<w:rPr>
				<w:rFonts w:ascii="Verdana" w:h-ansi="Verdana"/>
				<wx:font wx:val="Verdana"/>
				<w:sz-cs w:val="24"/>
				<w:lang w:val="EN-AU" w:fareast="EN-US" w:bidi="AR-SA"/>
			</w:rPr>
		</w:style>
		<w:style w:type="paragraph" w:styleId="Heading1">
			<w:name w:val="heading 1"/>
			<wx:uiName wx:val="Heading 1"/>
			<w:basedOn w:val="Normal"/>
			<w:next w:val="Normal"/>
			<w:rsid w:val="00F126B9"/>
			<w:pPr>
				<w:pStyle w:val="Heading1"/>
				<w:keepNext/>
				<w:spacing w:before="240"/>
				<w:outlineLvl w:val="0"/>
			</w:pPr>
			<w:rPr>
				<wx:font wx:val="Verdana"/>
				<w:b/>
				<w:color w:val="000000"/>
				<w:sz w:val="28"/>
				<w:sz-cs w:val="20"/>
			</w:rPr>
		</w:style>
		<w:style w:type="paragraph" w:styleId="Heading2">
			<w:name w:val="heading 2"/>
			<wx:uiName wx:val="Heading 2"/>
			<w:basedOn w:val="Normal"/>
			<w:next w:val="Normal"/>
			<w:rsid w:val="00F126B9"/>
			<w:pPr>
				<w:pStyle w:val="Heading2"/>
				<w:keepNext/>
				<w:spacing w:before="240"/>
				<w:outlineLvl w:val="1"/>
			</w:pPr>
			<w:rPr>
				<w:rFonts w:ascii="Arial" w:h-ansi="Arial" w:cs="Arial"/>
				<wx:font wx:val="Arial"/>
				<w:b/>
				<w:b-cs/>
				<w:i/>
				<w:i-cs/>
				<w:sz w:val="28"/>
				<w:sz-cs w:val="28"/>
			</w:rPr>
		</w:style>
		<w:style w:type="paragraph" w:styleId="Heading3">
			<w:name w:val="heading 3"/>
			<wx:uiName wx:val="Heading 3"/>
			<w:basedOn w:val="Normal"/>
			<w:next w:val="Normal"/>
			<w:rsid w:val="00F126B9"/>
			<w:pPr>
				<w:pStyle w:val="Heading3"/>
				<w:keepNext/>
				<w:spacing w:before="240"/>
				<w:outlineLvl w:val="2"/>
			</w:pPr>
			<w:rPr>
				<w:rFonts w:ascii="Arial" w:h-ansi="Arial" w:cs="Arial"/>
				<wx:font wx:val="Arial"/>
				<w:b/>
				<w:b-cs/>
				<w:sz w:val="26"/>
				<w:sz-cs w:val="26"/>
			</w:rPr>
		</w:style>
		<w:style w:type="paragraph" w:styleId="Heading4">
			<w:name w:val="heading 4"/>
			<wx:uiName wx:val="Heading 4"/>
			<w:basedOn w:val="Heading3"/>
			<w:next w:val="Normal"/>
			<w:rsid w:val="008062C3"/>
			<w:pPr>
				<w:pStyle w:val="Heading4"/>
				<w:spacing w:after="60"/>
				<w:outlineLvl w:val="3"/>
			</w:pPr>
			<w:rPr>
				<wx:font wx:val="Arial"/>
				<w:b-cs w:val="off"/>
				<w:i/>
				<w:sz w:val="24"/>
				<w:sz-cs w:val="28"/>
			</w:rPr>
		</w:style>
		<w:style w:type="character" w:default="on" w:styleId="DefaultParagraphFont">
			<w:name w:val="Default Paragraph Font"/>
			<w:semiHidden/>
		</w:style>
		<w:style w:type="table" w:default="on" w:styleId="TableNormal">
			<w:name w:val="Normal Table"/>
			<wx:uiName wx:val="Table Normal"/>
			<w:semiHidden/>
			<w:rPr>
				<wx:font wx:val="Times New Roman"/>
			</w:rPr>
			<w:tblPr>
				<w:tblInd w:w="0" w:type="dxa"/>
				<w:tblCellMar>
					<w:top w:w="0" w:type="dxa"/>
					<w:left w:w="108" w:type="dxa"/>
					<w:bottom w:w="0" w:type="dxa"/>
					<w:right w:w="108" w:type="dxa"/>
				</w:tblCellMar>
			</w:tblPr>
		</w:style>
		<w:style w:type="list" w:default="on" w:styleId="NoList">
			<w:name w:val="No List"/>
			<w:semiHidden/>
		</w:style>
		<w:style w:type="paragraph" w:styleId="script">
			<w:name w:val="script"/>
			<w:basedOn w:val="Normal"/>
			<w:rsid w:val="00F126B9"/>
			<w:pPr>
				<w:pStyle w:val="script"/>
				<w:pBdr>
					<w:top w:val="single" w:sz="4" wx:bdrwidth="10" w:space="6" w:color="auto"/>
					<w:left w:val="single" w:sz="4" wx:bdrwidth="10" w:space="6" w:color="auto"/>
					<w:bottom w:val="single" w:sz="4" wx:bdrwidth="10" w:space="6" w:color="auto"/>
					<w:right w:val="single" w:sz="4" wx:bdrwidth="10" w:space="6" w:color="auto"/>
				</w:pBdr>
				<w:shd w:val="clear" w:color="auto" w:fill="F0F0F0"/>
				<w:spacing w:before="240"/>
				<w:ind w:left="284"/>
			</w:pPr>
			<w:rPr>
				<w:rFonts w:ascii="Courier New" w:h-ansi="Courier New" w:cs="Courier New"/>
				<wx:font wx:val="Courier New"/>
			</w:rPr>
		</w:style>
	</w:styles>
	<w:docPr>
		<w:view w:val="print"/>
		<w:zoom w:percent="80"/>
		<w:doNotEmbedSystemFonts/>
		<w:proofState w:spelling="clean" w:grammar="clean"/>
		<w:attachedTemplate w:val=""/>
		<w:defaultTabStop w:val="720"/>
		<w:punctuationKerning/>
		<w:characterSpacingControl w:val="DontCompress"/>
		<w:optimizeForBrowser/>
		<w:validateAgainstSchema/>
		<w:saveInvalidXML w:val="off"/>
		<w:ignoreMixedContent w:val="off"/>
		<w:alwaysShowPlaceholderText w:val="off"/>
		<w:compat>
			<w:breakWrappedTables/>
			<w:snapToGridInCell/>
			<w:wrapTextWithPunct/>
			<w:useAsianBreakRules/>
			<w:dontGrowAutofit/>
		</w:compat>
	</w:docPr>
	<w:body>
		<wx:sect>
			<w:p>
				<w:pPr>
					<w:rPr>
						<w:lang w:val="EN-US"/>
					</w:rPr>
				</w:pPr>
				<w:r>
					<w:rPr>
						<w:lang w:val="EN-US"/>
					</w:rPr>
					<w:t>June 30, 2008</w:t>
				</w:r>
			</w:p>
			<w:p>
				<w:pPr>
					<w:rPr>
						<w:lang w:val="EN-US"/>
					</w:rPr>
				</w:pPr>
				<w:r>
					<w:rPr>
						<w:lang w:val="EN-US"/>
					</w:rPr>
					<w:t>First manned mission to Mars lands</w:t>
				</w:r>
			</w:p>
			<w:p>
				<w:pPr>
					<w:rPr>
						<w:lang w:val="EN-US"/>
					</w:rPr>
				</w:pPr>
				<w:r>
					<w:rPr>
						<w:lang w:val="EN-US"/>
					</w:rPr>
					<w:t>The first manned mission to Mars has touched down on the surface of the red planet. After six months of space travel, the five astronauts on board </w:t>
				</w:r>
				<w:proofErr w:type="spellStart"/>
				<w:r>
					<w:rPr>
						<w:lang w:val="EN-US"/>
					</w:rPr>
					<w:t>MarsEx</w:t>
				</w:r>
				<w:proofErr w:type="spellEnd"/>
				<w:r>
					<w:rPr>
						<w:lang w:val="EN-US"/>
					</w:rPr>
					<w:t> 1 will finally experience an end to their weightless conditions.</w:t>
				</w:r>
			</w:p>
			<w:sectPr>
				<w:pgSz w:w="12240" w:h="15840"/>
				<w:pgMar w:top="1440" w:right="1800" w:bottom="1440" w:left="1800" w:header="720" w:footer="720" w:gutter="0"/>
				<w:cols w:space="720"/>
				<w:docGrid w:line-pitch="360"/>
			</w:sectPr>
		</wx:sect>
	</w:body>
</w:wordDocument>
