<?xml version="1.0" encoding="UTF-8" standalone="no"?>
<news xmlns="http://www.friendsofed.com/xml/newsgroup"><newsItem xmlns=""><newsDate>December 30, 2009</newsDate><newsTitle>Mars crew returns</newsTitle><newsContent>The MarsEx crew landed in Florida today after their two year mission to the red planet.</newsContent></newsItem><newsItem xmlns=""><newsDate>June 30, 2008</newsDate><newsTitle>First manned mission to Mars lands</newsTitle><newsContent>The first manned mission to Mars has touched down on the surface of the red planet. After six months of space travel, the five astronauts on board MarsEx 1 will finally experience an end to their weightless conditions.</newsContent></newsItem></news>