<?xml version="1.0" encoding="UTF-8"?>
<phoneBook  xmlns:xlink="http://www.w3.org/1999/xlink">
	<contact id="1">
		<name xlink:type="simple" xlink:href="au-busselton.jpg" xlink:actuate="onLoad">Sas Jacobs</name>
		<address>123 Some Street, Some City, Some Country</address>
		<phone>123 456</phone>
		<age>102</age>
		<salary>25000</salary>
	</contact>
	<contact id="2">
		<name>John Smith</name>
		<address>4 Another Street, Another City, Another Country</address>
		<phone>456 789</phone>
		<age>25</age>
		<salary>15000</salary>
	</contact>
	<contact id="3">
		<name>Jo Bloggs</name>
		<address>7 Different Street, Different City, UK</address>
		<phone>789 123</phone>
		<age>38</age>
		<salary>35000</salary>
	</contact>
</phoneBook>
