<?xml version="1.0"?>
<?mso-application progid="Excel.Sheet"?>
<Workbook xmlns="urn:schemas-microsoft-com:office:spreadsheet"
 xmlns:o="urn:schemas-microsoft-com:office:office"
 xmlns:x="urn:schemas-microsoft-com:office:excel"
 xmlns:ss="urn:schemas-microsoft-com:office:spreadsheet"
 xmlns:html="http://www.w3.org/TR/REC-html40">
 <DocumentProperties xmlns="urn:schemas-microsoft-com:office:office">
  <Author>Sas Jacobs</Author>
  <LastAuthor>Sas Jacobs</LastAuthor>
  <Created>2005-03-02T21:43:28Z</Created>
  <LastSaved>2005-05-31T22:13:13Z</LastSaved>
  <Company>Anything Is Possible</Company>
  <Version>11.6360</Version>
 </DocumentProperties>
 <ExcelWorkbook xmlns="urn:schemas-microsoft-com:office:excel">
  <WindowHeight>7248</WindowHeight>
  <WindowWidth>10440</WindowWidth>
  <WindowTopX>480</WindowTopX>
  <WindowTopY>12</WindowTopY>
  <ProtectStructure>False</ProtectStructure>
  <ProtectWindows>False</ProtectWindows>
 </ExcelWorkbook>
 <Styles>
  <Style ss:ID="Default" ss:Name="Normal">
   <Alignment ss:Vertical="Bottom"/>
   <Borders/>
   <Font/>
   <Interior/>
   <NumberFormat/>
   <Protection/>
  </Style>
  <Style ss:ID="s18" ss:Name="Currency">
   <NumberFormat
    ss:Format="_-&quot;$&quot;* #,##0.00_-;\-&quot;$&quot;* #,##0.00_-;_-&quot;$&quot;* &quot;-&quot;??_-;_-@_-"/>
  </Style>
  <Style ss:ID="s20" ss:Name="Percent">
   <NumberFormat ss:Format="0%"/>
  </Style>
  <Style ss:ID="s21">
   <Font x:Family="Swiss" ss:Bold="1"/>
  </Style>
  <Style ss:ID="s22" ss:Parent="s18">
   <Font x:Family="Swiss" ss:Bold="1"/>
  </Style>
  <Style ss:ID="s24" ss:Parent="s20">
   <Font x:Family="Swiss" ss:Bold="1"/>
  </Style>
 </Styles>
 <Worksheet ss:Name="Sheet1">
  <Table ss:ExpandedColumnCount="5" ss:ExpandedRowCount="11" x:FullColumns="1"
   x:FullRows="1" ss:DefaultRowHeight="13.2">
   <Column ss:Width="52.8"/>
   <Column ss:Width="82.8"/>
   <Column ss:StyleID="s18" ss:Width="70.8"/>
   <Column ss:StyleID="s20" ss:Width="43.8"/>
   <Column ss:StyleID="s18" ss:Width="73.199999999999989"/>
   <Row>
    <Cell ss:StyleID="s21"><Data ss:Type="String">Item Code</Data></Cell>
    <Cell ss:StyleID="s21"><Data ss:Type="String">Item Description</Data></Cell>
    <Cell ss:StyleID="s22"><Data ss:Type="String">Net price</Data></Cell>
    <Cell ss:StyleID="s24"><Data ss:Type="String">Tax rate</Data></Cell>
    <Cell ss:StyleID="s22"><Data ss:Type="String">Tax inc price</Data></Cell>
   </Row>
   <Row>
    <Cell><Data ss:Type="String">DW-4412</Data></Cell>
    <Cell><Data ss:Type="String">Sunscreen</Data></Cell>
    <Cell><Data ss:Type="Number">3.64</Data></Cell>
    <Cell><Data ss:Type="Number">0.1</Data></Cell>
    <Cell ss:Formula="=RC[-2]*(1+RC[-1])"><Data ss:Type="Number">4.0040000000000004</Data></Cell>
   </Row>
   <Row>
    <Cell><Data ss:Type="String">ED-4570</Data></Cell>
    <Cell><Data ss:Type="String">Wine cooler</Data></Cell>
    <Cell><Data ss:Type="Number">13.45</Data></Cell>
    <Cell><Data ss:Type="Number">0.1</Data></Cell>
    <Cell ss:Formula="=RC[-2]*(1+RC[-1])"><Data ss:Type="Number">14.795</Data></Cell>
   </Row>
   <Row>
    <Cell><Data ss:Type="String">EO-1427</Data></Cell>
    <Cell><Data ss:Type="String">Picnic hamper</Data></Cell>
    <Cell><Data ss:Type="Number">25.68</Data></Cell>
    <Cell><Data ss:Type="Number">0.1</Data></Cell>
    <Cell ss:Formula="=RC[-2]*(1+RC[-1])"><Data ss:Type="Number">28.248000000000001</Data></Cell>
   </Row>
   <Row>
    <Cell><Data ss:Type="String">IS-5812</Data></Cell>
    <Cell><Data ss:Type="String">Insecticide</Data></Cell>
    <Cell><Data ss:Type="Number">13.79</Data></Cell>
    <Cell><Data ss:Type="Number">0.1</Data></Cell>
    <Cell ss:Formula="=RC[-2]*(1+RC[-1])"><Data ss:Type="Number">15.169</Data></Cell>
   </Row>
   <Row>
    <Cell><Data ss:Type="String">PR-5234</Data></Cell>
    <Cell><Data ss:Type="String">Plastic plates</Data></Cell>
    <Cell><Data ss:Type="Number">4.78</Data></Cell>
    <Cell><Data ss:Type="Number">0.1</Data></Cell>
    <Cell ss:Formula="=RC[-2]*(1+RC[-1])"><Data ss:Type="Number">5.2580000000000009</Data></Cell>
   </Row>
   <Row>
    <Cell><Data ss:Type="String">PR-5512</Data></Cell>
    <Cell><Data ss:Type="String">Plastic cutlery</Data></Cell>
    <Cell><Data ss:Type="Number">10.75</Data></Cell>
    <Cell><Data ss:Type="Number">0.1</Data></Cell>
    <Cell ss:Formula="=RC[-2]*(1+RC[-1])"><Data ss:Type="Number">11.825000000000001</Data></Cell>
   </Row>
   <Row>
    <Cell><Data ss:Type="String">PR-8967</Data></Cell>
    <Cell><Data ss:Type="String">Plastic glasses</Data></Cell>
    <Cell><Data ss:Type="Number">6.89</Data></Cell>
    <Cell><Data ss:Type="Number">0.1</Data></Cell>
    <Cell ss:Formula="=RC[-2]*(1+RC[-1])"><Data ss:Type="Number">7.5790000000000006</Data></Cell>
   </Row>
   <Row>
    <Cell><Data ss:Type="String">RP-0821</Data></Cell>
    <Cell><Data ss:Type="String">Ice packs</Data></Cell>
    <Cell><Data ss:Type="Number">12.68</Data></Cell>
    <Cell><Data ss:Type="Number">0.1</Data></Cell>
    <Cell ss:Formula="=RC[-2]*(1+RC[-1])"><Data ss:Type="Number">13.948</Data></Cell>
   </Row>
   <Row>
    <Cell><Data ss:Type="String">WT-4850</Data></Cell>
    <Cell><Data ss:Type="String">Corkscrew</Data></Cell>
    <Cell><Data ss:Type="Number">1.78</Data></Cell>
    <Cell><Data ss:Type="Number">0.1</Data></Cell>
    <Cell ss:Formula="=RC[-2]*(1+RC[-1])"><Data ss:Type="Number">1.9580000000000002</Data></Cell>
   </Row>
   <Row>
    <Cell><Data ss:Type="String">WW-1235</Data></Cell>
    <Cell><Data ss:Type="String">Umbrella</Data></Cell>
    <Cell><Data ss:Type="Number">4.25</Data></Cell>
    <Cell><Data ss:Type="Number">0.1</Data></Cell>
    <Cell ss:Formula="=RC[-2]*(1+RC[-1])"><Data ss:Type="Number">4.6750000000000007</Data></Cell>
   </Row>
  </Table>
  <WorksheetOptions xmlns="urn:schemas-microsoft-com:office:excel">
   <Print>
    <ValidPrinterInfo/>
    <PaperSizeIndex>9</PaperSizeIndex>
    <VerticalResolution>0</VerticalResolution>
   </Print>
   <Selected/>
   <Panes>
    <Pane>
     <Number>3</Number>
     <ActiveRow>1</ActiveRow>
    </Pane>
   </Panes>
   <ProtectObjects>False</ProtectObjects>
   <ProtectScenarios>False</ProtectScenarios>
  </WorksheetOptions>
  <Sorting xmlns="urn:schemas-microsoft-com:office:excel">
   <Sort>Item Code</Sort>
  </Sorting>
 </Worksheet>
 <Worksheet ss:Name="Sheet2">
  <Table ss:ExpandedColumnCount="0" ss:ExpandedRowCount="0" x:FullColumns="1"
   x:FullRows="1" ss:DefaultRowHeight="13.2"/>
  <WorksheetOptions xmlns="urn:schemas-microsoft-com:office:excel">
   <ProtectObjects>False</ProtectObjects>
   <ProtectScenarios>False</ProtectScenarios>
  </WorksheetOptions>
 </Worksheet>
 <Worksheet ss:Name="Sheet3">
  <Table ss:ExpandedColumnCount="0" ss:ExpandedRowCount="0" x:FullColumns="1"
   x:FullRows="1" ss:DefaultRowHeight="13.2"/>
  <WorksheetOptions xmlns="urn:schemas-microsoft-com:office:excel">
   <ProtectObjects>False</ProtectObjects>
   <ProtectScenarios>False</ProtectScenarios>
  </WorksheetOptions>
 </Worksheet>
</Workbook>
